led bulb,0,0,328,445
light bulb,0,0,328,445
energy-saving bulb,0,0,328,445
lighting,0,0,328,445
electrical component,0,0,328,445
home lighting,0,0,328,445
indoor lighting,0,0,328,445
lighting equipment,0,0,328,445
energy-efficient bulb,0,0,328,445
cool white led bulb,0,0,328,445
led bulb,0,0,328,445
light bulb,0,0,328,445
energy-saving bulb,0,0,328,445
lighting,0,0,328,445
electrical component,0,0,328,445
home lighting,0,0,328,445
indoor lighting,0,0,328,445
lighting equipment,0,0,328,445
energy-efficient bulb,0,0,328,445
cool white led bulb,0,0,328,445
circuit board,436,332,315,455
led circuit board,436,332,315,455
electronic component,436,332,315,455
electrical circuit,436,332,315,455
led lighting component,436,332,315,455
pcb,436,332,315,455
electronics repair,436,332,315,455
wiring,436,332,315,455
led driver,436,332,315,455
electronic assembly,436,332,315,455
led bulb,0,0,328,445
light bulb,0,0,328,445
energy-saving bulb,0,0,328,445
lighting,0,0,328,445
electrical component,0,0,328,445
home lighting,0,0,328,445
indoor lighting,0,0,328,445
lighting equipment,0,0,328,445
energy-efficient bulb,0,0,328,445
cool white led bulb,0,0,328,445
led bulb,0,0,328,445
light bulb,0,0,328,445
energy-saving bulb,0,0,328,445
lighting,0,0,328,445
electrical component,0,0,328,445
home lighting,0,0,328,445
indoor lighting,0,0,328,445
lighting equipment,0,0,328,445
energy-efficient bulb,0,0,328,445
cool white led bulb,0,0,328,445
circuit board,436,332,315,455
led circuit board,436,332,315,455
electronic component,436,332,315,455
electrical circuit,436,332,315,455
led lighting component,436,332,315,455
pcb,436,332,315,455
electronics repair,436,332,315,455
wiring,436,332,315,455
led driver,436,332,315,455
electronic assembly,436,332,315,455
led bulb,5,336,309,440
disassembled led bulb,5,336,309,440
electronic components,5,336,309,440
led lighting,5,336,309,440
circuit board,5,336,309,440
lighting component,5,336,309,440
led driver,5,336,309,440
circuit board,436,332,315,455
led circuit board,436,332,315,455
electronic component,436,332,315,455
electrical circuit,436,332,315,455
led lighting component,436,332,315,455
pcb,436,332,315,455
electronics repair,436,332,315,455
wiring,436,332,315,455
led driver,436,332,315,455
electronic assembly,436,332,315,455
circuit board,436,332,315,455
led circuit board,436,332,315,455
electronic component,436,332,315,455
electrical circuit,436,332,315,455
led lighting component,436,332,315,455
pcb,436,332,315,455
electronics repair,436,332,315,455
wiring,436,332,315,455
led driver,436,332,315,455
electronic assembly,436,332,315,455
led bulb,0,0,328,445
light bulb,0,0,328,445
energy-saving bulb,0,0,328,445
lighting,0,0,328,445
electrical component,0,0,328,445
home lighting,0,0,328,445
indoor lighting,0,0,328,445
lighting equipment,0,0,328,445
energy-efficient bulb,0,0,328,445
cool white led bulb,0,0,328,445
led bulb,5,336,309,440
disassembled led bulb,5,336,309,440
electronic components,5,336,309,440
led lighting,5,336,309,440
circuit board,5,336,309,440
lighting component,5,336,309,440
led driver,5,336,309,440
led bulb,445,3,335,447
illuminated led bulb,445,3,335,447
lighting,445,3,335,447
electrical component,445,3,335,447
warm light,445,3,335,447
home lighting,445,3,335,447
indoor lighting,445,3,335,447
led bulb,5,336,309,440
disassembled led bulb,5,336,309,440
electronic components,5,336,309,440
led lighting,5,336,309,440
circuit board,5,336,309,440
lighting component,5,336,309,440
led driver,5,336,309,440
led bulb,5,336,309,440
disassembled led bulb,5,336,309,440
electronic components,5,336,309,440
led lighting,5,336,309,440
circuit board,5,336,309,440
lighting component,5,336,309,440
led driver,5,336,309,440
led bulb,445,3,335,447
illuminated led bulb,445,3,335,447
lighting,445,3,335,447
electrical component,445,3,335,447
warm light,445,3,335,447
home lighting,445,3,335,447
indoor lighting,445,3,335,447
circuit board,436,332,315,455
led circuit board,436,332,315,455
electronic component,436,332,315,455
electrical circuit,436,332,315,455
led lighting component,436,332,315,455
pcb,436,332,315,455
electronics repair,436,332,315,455
wiring,436,332,315,455
led driver,436,332,315,455
electronic assembly,436,332,315,455
led bulb,445,3,335,447
illuminated led bulb,445,3,335,447
lighting,445,3,335,447
electrical component,445,3,335,447
warm light,445,3,335,447
home lighting,445,3,335,447
indoor lighting,445,3,335,447
led bulb,445,3,335,447
illuminated led bulb,445,3,335,447
lighting,445,3,335,447
electrical component,445,3,335,447
warm light,445,3,335,447
home lighting,445,3,335,447
indoor lighting,445,3,335,447
led bulb,5,336,309,440
disassembled led bulb,5,336,309,440
electronic components,5,336,309,440
led lighting,5,336,309,440
circuit board,5,336,309,440
lighting component,5,336,309,440
led driver,5,336,309,440
led bulb,445,3,335,447
illuminated led bulb,445,3,335,447
lighting,445,3,335,447
electrical component,445,3,335,447
warm light,445,3,335,447
home lighting,445,3,335,447
indoor lighting,445,3,335,447
